{
    "velocity": 0.05,
    "acceleration": 0.5,
    "blend": 0.0,

    "qs_inspection_pose1": [0.3825396379877396, -0.08970133848289293, 0.5183566829447174, -0.036358738448576275, 1.077437236413575, 0.03129387563981169],
    "qs_inspection_pose": [0.9150728396421354, -0.07087884643745217, 0.030747144942367077, 0.10596021385280595, 1.7559885924687315, 0.07328517877509214],
    "qs_inspection_rot_z_pose": [0.9150866861090602, -0.07089643170337674, 0.030763328002975553, 2.417634874992481, -0.018207736133365692, 2.0014397991386215],
    "qs_inspection_rot_x_pose": [0.8894495167854881, 0.022827125382654176, 0.025266723502326074, -1.0521134184840657, -1.6972572510981603, -1.4678065974966024],
  
    "conveyor_drop": [0.3434945607222496, -0.18671363545051467, 0.14077955535384, 0.0016669835295898207, -3.131562603086523, -0.004873351559813175],
    "conveyor_wait": [0.3434945607222496, -0.18671363545051467, 0.14077955535384, 0.0016669835295898207, -3.131562603086523, -0.004873351559813175],
 
    "vibrating_pregrasp_pose": [-0.2721507213081874, -0.7164825596112315, 0.03653302709787995, -2.8262879863147874, -1.3596732585771714, -0.018736801445583564],
    "vibrating_grasp_pose": [-0.2721961899815956, -0.7164997018143584, -0.017140278891939115, -2.8263614846390834, -1.359687408132901, -0.018615080629990753],
 
    "strahlkabine_pregrasp_pose": [-0.09678726313595985, 0.5433095258203728, 0.12090152788285793, -3.141570304139254, -0.010810835545432796, 0.0],
    "strahlkabine_grasp_pose": [-0.08618633058305884, 0.5433332309633457, -0.09990006457512596, -3.141514413898876, -0.010697263836161658, 0.0],

    "strahlkabine_driveout_pose1": [-0.08617460756712458, 0.5433449904819578, 0.05557459133299969, -3.1415101470063984, -0.010741203068239516, 0.0],
    "strahlkabine_driveout_pose2": [-0.08618791776400511, 0.5432869199332094, 0.2418918022819857, 3.141488761212596, 0.01081650036995512, 0.0],

    "sorting_predrop_pose1": [-0.42744460896165776, -0.11005387233579401, 0.20416874244803288, -2.3362592504831046, 2.100294842986112, 0.0],
    "sorting_drop_pose1": [-0.42744460896165776, -0.11005387233579401, 0.18416874244803288, -2.3362592504831046, 2.100294842986112, 0.0],
    "sorting_predrop_pose2": [-0.42744460896165776, -0.11005387233579401, 0.20416874244803288, -2.3362592504831046, 2.100294842986112, 0.0],
    "sorting_drop_pose2": [-0.42744460896165776, -0.11005387233579401, 0.18416874244803288, -2.3362592504831046, 2.100294842986112, 0.0],

    "sleep_pose": [-0.1340046985890389, -0.2205363177211755, 0.14300383401674527, -2.2247096990345967, -2.218070830496003, 0.0],
    "start_pose": [-0.10598051327369619, -0.25583602306737047, 0.34021242028508236, 2.2020738033451384, 2.2404947266008395, 0.0],
    "vibratingplate_pose": [-0.13399986418735704, -0.6043544331523291, 0.3401613527318492, -2.2246892463346777, -2.2181205085690645, 0.0],
    "conveyor_pose": [0.26031506175242697, -0.09444904555604937, 0.3401934684893678, -0.09746844155205639, 3.140029730285833, 0.0],
    "qs_pose": [0.3825396379877396, -0.08970133848289293, 0.5183566829447174, -0.036358738448576275, 1.077437236413575, 0.03129387563981169],
    "strahlkabine_pose": [0.11560156875592456, 0.2516235268457924, 0.34018640533931, -2.198481669883983, 2.244145331221337, 0.0],
    "sorting_pose": [-0.39156316838735217, -0.03277970910159794, 0.5183374364694732, 1.4489499412458844, 0.27967774796672634, -2.4298595325192434]
  }
  