{
    "velocity": 0.05,
    "acceleration": 0.5,
    "blend": 0.0,
    "qs_inspection_pose1": [
        0.3825396379877396,
        -0.08970133848289293,
        0.5183566829447174,
        -0.036358738448576275,
        1.077437236413575,
        0.03129387563981169
    ],
    "qs_inspection_pose": [
        0.8839197709733786,
        -0.056064227117670395,
        0.09576784298769161,
        -0.6997751577210837,
        -3.0612602212605666,
        -0.005028012808951569
    ],
    "qs_inspection_rot_z_pose": [
        0.8860759454504061,
        -0.057402271406597725,
        0.09572877050854264,
        -3.0484270610326307,
        -0.744782611100345,
        -0.00033544106435942986
    ],
    "qs_inspection_rot_z_pose_2": [
        0.8842903894465721,
        -0.0579837934496071,
        0.09575853590974248,
        -2.322273212778641,
        2.1126619381804708,
        0.004381122040322544
    ],
    "qs_inspection_rot_x_pose": [
        0.8587480542985639,
        -0.01812804552230196,
        0.041426177769161146,
        -0.18201986496194883,
        -2.5437326622152323,
        -1.7970125066468166
    ],
    "conveyor_drop": [
        0.6598851920287973,
        0.33158141705106187,
        0.11236515287036863,
        -0.06016986314668567,
        3.1384774075462545,
        -0.031917797614464324
    ],
    "conveyor_wait": [
        0.6599032760399751,
        0.3315683132382994,
        0.25047761374786026,
        -0.06024588075274753,
        3.1384597495831006,
        -0.03188074712816821
    ],
    "conveyor_raise": [
        0.19426697670848142,
        0.3281201331787262,
        0.30416554107899196,
        -0.671506407968219,
        3.0615854124229616,
        -0.02876334571528014
    ],
    "vibrating_pregrasp_pose": [
        -0.04694623918904584,
        -0.615332297154931,
        -0.2692089356827414,
        2.1271527726406254,
        2.1109660910435637,
        -0.22147202777942307
    ],
    "vibrating_grasp_pose": [
        -0.047331502409978306,
        -0.6243638947125582,
        -0.3135426602054018,
        2.1271932033552625,
        2.1109036102645025,
        -0.22151611983436667
    ],
    "strahlkabine_pregrasp_pose": [
        -0.09678726313595985,
        0.5433095258203728,
        0.12090152788285793,
        -3.141570304139254,
        -0.010810835545432796,
        0.0
    ],
    "strahlkabine_grasp_pose": [
        -0.08618633058305884,
        0.5433332309633457,
        -0.09990006457512596,
        -3.141514413898876,
        -0.010697263836161658,
        0.0
    ],
    "strahlkabine_driveout_pose1": [
        -0.08617460756712458,
        0.5433449904819578,
        0.05557459133299969,
        -3.1415101470063984,
        -0.010741203068239516,
        0.0
    ],
    "strahlkabine_driveout_pose2": [
        -0.08618791776400511,
        0.5432869199332094,
        0.2418918022819857,
        3.141488761212596,
        0.01081650036995512,
        0.0
    ],
    "sorting_predrop_pose1": [
        -0.3712187097717646,
        0.17767123935858886,
        0.1090577221583253,
        -3.1272178913614432,
        -0.09948777073927807,
        -0.025620867846997217
    ],
    "sorting_drop_pose1": [
        -0.37124694577056444,
        0.17767249802644416,
        -0.019967610645227757,
        -3.1272534521675013,
        -0.09947576465338417,
        -0.02549469482800513
    ],
    "sorting_predrop_pose2": [
        -0.37124286162888276,
        -0.06320245080889615,
        0.13158373038169277,
        -3.127207628809579,
        -0.09950968782141478,
        -0.025509943990936305
    ],
    "sorting_drop_pose2": [
        -0.37125761195969414,
        -0.06322058905802021,
        -0.010977544416835072,
        -3.1272954109797615,
        -0.099511881914959,
        -0.02540735018166577
    ],
    "sleep_pose": [
        -0.05426234063453033,
        -0.22554710238309744,
        0.16381848551932945,
        -2.2640536149078887,
        -2.150100430325703,
        -0.011945752223546387
    ],
    "start_pose": [
        -0.07156184459152325,
        -0.387655463571919,
        0.2032721704228433,
        -2.2328831964480247,
        -2.182612440902437,
        -0.01199933287119962
    ],
    "vibratingplate_pose": [
        0.006841283003458034,
        -0.4765770925324206,
        -0.17571117184503424,
        -2.2145346122036798,
        -2.1996540090977397,
        -0.013337977512733884
    ],
    "vibratingplate_pose_d435": [
        -0.021525742111276957,
        -0.5410748848296053,
        -0.0764836154442677,
        -2.2145862556410747,
        -2.19970200566622,
        -0.013330384117312582
    ],
    "conveyor_pose": [
        0.19890055264019738,
        0.3109908878867914,
        0.029444254076690796,
        2.2425621819896575,
        -2.186721144370805,
        0.03358609255707056
    ],
    "qs_pose": [
        0.31135787645445023,
        -0.11186983374810054,
        0.029892941749135454,
        0.03067180157431889,
        -3.121095833447645,
        0.013269391515383106
    ],
    "strahlkabine_pose": [
        -0.6341095583869435,
        0.16685907897708857,
        -0.06368490201664677,
        -3.1323177615128603,
        -0.05631259777463246,
        -0.02894513887221512
    ],
    "sorting_pose": [
        -0.3915330476292772,
        -0.04584841775139149,
        0.20326408214076,
        -3.1007460836997485,
        -0.43126891576412557,
        -0.027508928359602246
    ]
}