{
    "serial_number": "218622275676",
    "fx": 653.2218017578125,
    "fy": 651.5672607421875,
    "cx": 642.50439453125,
    "cy": 364.03546142578125,
    "nominal_depth": 0.31610000133514404
}